timestamp,task_id,subtask_id,user_id,action,outcome,detail,command,version,input
2026-08-27T10:59:09.406Z,P0001,,38179254,claim_encoding,accepted,,campaign.claimTask,1,"{""task_id"":""P0001""}"
2026-08-27T11:06:12.374Z,P0001,,38179254,submit_encoding,accepted,,campaign.submitScoreSetup,1,"{""task_id"":""P0001"",""staves"":3,""groups"":1,""keysig"":""0"",""meter"":""common""}"
2026-08-27T11:07:43.337Z,P0001,S0001,297915765,claim_validation,accepted,,campaign.claimValidation,1,"{""task_id"":""P0001"",""subtask_id"":""S0001""}"
2026-08-27T11:14:03.591Z,P0001,S0001,297915765,submit_validation,accepted,pass,campaign.submitValidation,2,"{""task_id"":""P0001"",""subtask_id"":""S0001"",""verdict"":""pass""}"
2026-08-27T11:22:53.687Z,P0002,,38179254,claim_encoding,accepted,,campaign.claimTask,1,"{""task_id"":""P0002""}"
2026-08-27T11:24:51.102Z,P0002,,38179254,submit_encoding,accepted,,campaign.submitZones,2,"{""task_id"":""P0002"",""measures"":22,""systems"":3,""movements"":1}"
2026-08-27T11:25:32.784Z,P0002,S0001,297915765,claim_validation,accepted,,campaign.claimValidation,1,"{""task_id"":""P0002"",""subtask_id"":""S0001""}"
2026-08-27T11:26:48.361Z,P0002,S0001,297915765,submit_validation,accepted,pass,campaign.submitValidation,2,"{""task_id"":""P0002"",""subtask_id"":""S0001"",""verdict"":""pass""}"
2026-08-27T11:29:13.728Z,T0001,,38179254,claim_encoding,accepted,,campaign.openEditor,1,"{""task_id"":""T0001""}"
2026-08-27T11:31:59.319Z,T0001,,38179254,submit_encoding,accepted,,campaign.submitEncoding,1,"{""task_id"":""T0001""}"
2026-08-28T08:16:55.672Z,T0001,S0001,297915765,claim_validation,accepted,,campaign.claimValidation,1,"{""task_id"":""T0001"",""subtask_id"":""S0001""}"
2026-08-28T08:17:27.839Z,T0001,S0001,297915765,submit_validation,accepted,pass,campaign.submitValidation,2,"{""task_id"":""T0001"",""subtask_id"":""S0001"",""verdict"":""pass""}"
2026-08-28T08:24:37.684Z,P0003,,297915765,submit_comment,accepted,question,campaign.submitComment,1,"{""task_id"":""P0003"",""subtask_id"":"""",""kind"":""question"",""parent_id"":""""}"
2026-08-28T08:25:10.935Z,P0003,,297915765,submit_comment,accepted,question,campaign.submitComment,1,"{""task_id"":""P0003"",""subtask_id"":"""",""kind"":""question"",""parent_id"":""""}"
2026-08-28T08:34:02.791Z,P0003,,297915765,submit_comment,accepted,question,campaign.submitComment,1,"{""task_id"":""P0003"",""subtask_id"":"""",""kind"":""question"",""parent_id"":""""}"
2026-08-28T08:43:58.282Z,P0003,,297915765,submit_comment,accepted,question,campaign.submitComment,1,"{""task_id"":""P0003"",""subtask_id"":"""",""kind"":""question"",""parent_id"":""""}"
